{
    "Accuracy": 0.884,
    "F1 Score": 0.8834708092300256,
    "Precission": 0.8835462222756507,
    "Recall": 0.884
}