{
    "Accuracy": 0.85,
    "F1 Score": 0.851545749260203,
    "Precission": 0.856166757893116,
    "Recall": 0.85
}